Product,ProductID,Counts
"10"" Android Tablet - 1GB Ram 1.5Ghz CPU WiFi Google Play Store Installed",B00GWUBXNA,2
"10"" GOOGLE ANDROID 4.0 TABLET 4GB FLYTOUCH 10.1 VC882 EPAD LAPTOP WIFI CAMERA HDMI Support External 3G, Flash 10.1 Cortex A8,WIFI, HDMI, Skype Video Calling &Netflix Movies",B008HSO41I,206
"10.1"" Android KITKAT 4.4.2 [QUAD Core] 32GB Tablet / 2GB RAM / Dual Cameras / Bluetooth / HDMI - PumpkinX",B00ITCEHAA,8
"10.1"" Inch Dual Core Android Tablet PC w/ 16GB+Dual Camera+HDMI+Bluetooth+Google Play-Pumpkin X",B00J4MAA2I,1
"2014 NEW Contixo Kids 7 Inch Android 4.2 Tablet PC - Dual Camera, RK3168 Dual-core 1.6GHz, 1GB RAM, 8GB HDD, HD 1024x600 Display Capactive Touch Screen, WiFi (Blue)",B00HWPTMIM,2
"2014 New Contixo 7.85"" Quad Core Processor 1.5GHz Google Android 4.2 Tablet PC, IPS Touch Screen 1024x768, Dual Webcams, Bluetooth, HDMI, Wifi, 16GB Flash Storage",B00I4BVCOK,5
"2014 Newest 9"" inch 3G sim card phone call tablet/Google android 4.0 Touch Screen Capacitive Mid,Dual Camera GPS WIFI Bluetooth, G Sensor Flash 11",B00CMAPHSQ,9
"4Sight Tablet with 4GB Memory 9"" | 4SPA0910C",B00BUTBAB8,5
"7 Inch Dual Core 1.2GHz Android 4.2.2 ProntoTec Tablet PC, Dual Camera(White)",B00HQ8C95I,1
"7 Inch FastTouch(TM) A13 GOOGLE Android 4.1 AllWinner Tablet PC, Boxchip Cortex A8 1.2Ghz MID Capacitive Touch Screen G-Sensor WiFi, Camera, Skype Video Calling, Netflix Movies, 4GB BLUE",B00DP4FN3W,30
"7"" .TAB Nero x2 Dual Core Android 4.1 Multi-Touch Tablet PC (Black)",B00DHO2YK0,130
"7"" HKC 16GB Dual Core Tablet with Android 4.1 & Google Mobile Apps & Capacitive Multi-Touch Screen P774A",B00E3JJZ5U,5
"7"" Tablet Pc Pink Android 4.0 Allwinner A13 1.2ghz Capacitive Screen Flash 11.1 Wifi Camera 512mb /4gb",B008Z2QD24,5
"7"" Zeepad 7.0 Allwinnwer A13 Boxchip Cortex A8 Android 4.2, 4GB Capacity, 512 MB RAM, Multiple Touch Capactive screen, WIFI, Camera, Skype Video Calling, Netflix Movies. (7'' Dual Camera, Cobalt Blue)",B00DCE8JFY,1290
"7"" dual camera Capacitive Google Android A13 MID WIFI PAD Tablet PC Netbook Notebook 4GB WT",B00CAK9PKE,5
"8 GB Tablet - 9"" - 1.10 GHz - Black",B00F0R92M0,2
8.9 Inch Pipo M7 Pro External 3g Android 4.2 Rk3188 1.6ghz Retina 1920x1200 Bluetooth GPS Hdmi 5.0mp Camera--wifi Version,B00ECV0W3I,5
"9"" Android Capacitive Touchscreen Tablet (with 8GB Memory Card) Features Google Play Store, Skype, YouTube, Netflix, Camera, Wifi, and G-Sensor!",B00BUDPVIC,3
"9"" Inch 8GB Android 4.0.4 tablet pc, All Winner Cortex A13, 1.5GHz Dual Camera WiFi (PINK)",B00GCSKYQE,14
"9""Inch 8GB Android tablet pc, COLORS, All Winner Cortex A13, 1.5GHz Dual Camera WiFi (WHITE)",B00GCSKYQE,10
9.0in Fastest Dual-Core Android 4.2 Tablet PC Capacitive HDMI Google Play Store,B00H13FDEC,1
AFUNTA 7-Inch Allwinner A13 Q88+ Dual Camera Tablet Pc Android 4.0 1.2GHz CPU Multiple Touch Capactive Screen 512MB RAM 4GB HDD Wifi (White),B00BWGQJR4,8
"AFUNTA 9.2'' Google Android 4.0 512mb/8gb Tablet Camera Capacitive Multiple Touch Screen G-sensor A13 Tablet, 3d Games Skype Video Calling, Netflix Movies, Dual Camera (black)",B00BXA8E7W,9
AFUNTA AF704 7-Inch Kid Tablet PC Android 4.2 MID 4GB HDD Dual Camera Dual Core CPU Wifi External 3G for Children Christmas/Birthday Gift (Pink),B00EB8JSYQ,10
"AFUNTA Allwinnwer A13 Boxchip Cortex A8 Android 4.0, 4gb Capacity, 512 Mb Ram, Multiple Touch Capactive Screen, Wifi, Camera, Skype Video Calling, Netflix Movies (red)",B00ADZM0F0,20
AFUNTA Android Tablet with 7 Inch Touchscreen (Android 4.0),B006LFVROQ,10
"AGPtek® 7 inch Android 4.2 Jelly Bean Cortex A7 1.5GHz Quad Core 1GB DDR3 RAM 1024*600 HD Touch Screen G-sensor Wifi Tablet PC Mini Pad, Built in 4GB Storage, Google Play Pre-Installed, 1080P HDMI Output, OTG Function, Compatible With Skype Video Calling, Youtube, eBook Reader",B00DU8P7GG,10
"AGPtek® 7 inch Dual Core Cortex-A9 1.3GHz Android 4.2 Tablet PC 1024*600 Solution 2160P HDMI 1GB Ram/4GB Flash Built in Google Play, Amazon Kindle, Kids mode, Netflix & 16GB Micro SD/TF Card",B00GTJVFF0,1
"AGPtek® 7"" Dual Core Google Android 4.2 Tablet PC, HD 1024x600, Google Play Pre-load, HDMI,1GB DDR3,Wifi,Skype Video Calling, Netflix, 3D Game Supported With 16 GB TF Memory Card",B00GX6F78K,5
"AGPtek® 7"" TFT Android 4.0 Capacitive Touch Screen Tablet PC (Wi-Fi Cortex A9 1.2Ghz CPU, 512M DDR3, Built-in 4GB Storage, Extend To 32GB T-Flash)",B008OO41P4,74
AGPtek® Kids Abot Tablet 7-inch Touch Screen Android 4.1 Wifi Camera Tablet PC with 32 GB TF Memory Card,B00GOK2TEK,4
"ASUS 10.1"" 16GB Android 3.2 Tablet PC",B0090OQIP8,2
ASUS Eee PC T101MT-EU27-BK 10.1-Inch Convertible Tablet (Black),B004I1J7Z6,19
ASUS Eee Slate EP121-1A011M 12.1-Inch Tablet PC,B004HKIIF8,119
ASUS Google Nexus 7 Android Tablet,B00DB3SH2G,826
"ASUS Google Nexus 7 Tablet (7-Inch, 32GB) 2012 Model",B009X3UW2G,926
ASUS ME301T-A1-WH 10.1-Inch 16GB Tablet (White),B00BJ8I7P2,120
ASUS MeMO Pad 10 ME102A-A1-PK 10.1-Inch 16 GB Tablet (Cherry Pink),B00IAA2EY2,23
ASUS MeMO Pad 8 16GB Tablet (ME180A-A1-WH) White,B00FJDUPX0,85
ASUS MeMO Pad FHD 10 ME302C-A1-BL 10.1-Inch 16GB Tablet (Blue),B00DXFDHV8,457
ASUS MeMO Pad ME172V-A1-GR 7.0-Inch 16 GB Tablet ( Grey ),B00BDS25VA,360
ASUS MeMO Pad ME172V-A1-WH 7-Inch 16 GB Tablet (White),B00BR3XMK4,290
"ASUS MeMOPad HD 7-Inch 16 GB Tablet, Blue (ME173X-A1-BL)",B00E0EY7Z6,604
ASUS MeMo Pad Smart ME301T-A1-PK 10.1-Inch 16GB Tablet (Pink),B00BCPIFX6,90
"ASUS Memo Pad HD 7-Inch 16 GB Tablet, Pink (ME173X-A1-PK)",B00E0FDYU4,715
ASUS TF700T-B1-CG 10.1-Inch Tablet (Champagne),B008F4NL0O,430
ASUS Tablet TF701T-B1-BUNDLE 10.1-Inch 32 GB Tablet (Grey),B00J39HGHY,50
ASUS Transformer Pad TF300T-A1-RD 16GB Tablet RED,B009YIYT3S,8
ASUS Transformer Prime TF201-C1-CG 10.1-Inch 64GB Tablet (Champagne),B0067PLOW0,429
ASUS Transformer TF300 T-B1-BL 10.1-Inch 32 GB Tablet (Blue),B007P4YAPK,584
ASUS Vivo Tab Note M80TA-C1-BK 8-Inch 64 GB Tablet (Black),B00HWHQKWG,43
ASUS VivoTab Smart ME400 ME400C-C1-WH 10.1-Inch 64GB Tablet (White),B00AA6OVAO,154
"AXESS TA2510-7BK 7-Inch Dual Core GOOGLE PLAY Tablet (A20 Cortex A7 CPU) with Android 4.2 Jelly Bean , 4 GB Storage with Micro SD Card Slot up to 32 GB, 512 MB RAM, G Sensor, HDMI Output, WiFi, Built-in Dual Camera and Speaker in Black Color.",B00F3L82H4,1
Acer ICONIA Tab A700-10k32u 10.1-Inch Tablet (Black),B0083PR7N2,124
Acer ICONIA-6120 14 inch Tablet PC,B004P0WLEY,10
Acer Iconia A1-810-L677 7.9 inch MediaTek MT8125 1.2GHz/ 1GB DDR3L/ 8GB SSD/ Android 4.2 Jelly Bean Tablet (Red),B00I3YPKZA,1
Acer Iconia A200-10g16u 10.1-Inch Screen Tablet - Titanium Gray,B006XGCQ2U,74
Acer Iconia A3-A10-L662 10.1-Inch Tablet,B00FNPD1W6,11
Acer Iconia B1-710-L401 7.0-inch 8GB Tablet (Pure White),B00DKFF386,64
Acer Iconia Tab A210-10g16u 10.1-Inch 16GB Tablet (Gray),B009HPGO7M,53
Acer Iconia W4-820-2894 8-Inch 32 GB Windows Tablet (Smokey Gray),B00G1YJ5B4,16
Acer Iconia W510-1438 10.1-inch 32GB Tablet with Keyboard Dock (Silver),B00CPZL9LM,2
Acer Iconia W510-1620 10.1-Inch 32 GB Tablet (Silver),B00CPZL9LM,6
Acer Iconia W510-1666 10.1-Inch 64 GB Tablet (Silver),B00CPZL9LM,10
"Acer Iconia W510P-1406 10.1-Inch 64 GB Tablet with Keyboard Dock (Silver, Windows 8 Pro)",B00CPZL9LM,10
Acer NT.L1CAA.002;A1-810-L888 7.9-Inch 16GB Tablet,B00D02AASC,8
Afunta 7-inch Allwinner A13 Q88+ Dual Camera Tablet Pc Android 4.0 1.2ghz CPU Multiple Touch Capactive Screen 512mb RAM 4gb HDD Wifi (Pink),B00BWGQJUG,6
Afunta Q88 III 7 Inch Tablet Pc Dual Core Dual Camera Android 4.1 Capacitive Touch Screen 512m RAM 4gb ROM Support Wifi (Black),B00E8CGC2Q,6
"Afunta&reg 9 Inch Google Android 4.0 512MB/8GB Tablet PC Dual Camera MID Capacitive Multiple Touch Screen G-sensor Allwinner A13, 3d Games Skype Video Calling, Netflix Movies Flash 11.1 (Dual Camera, Pink)",B00AUUOFR4,7
"Afunta(tm) 9.2'' Google Android 4.0 512mb/8gb Tablet Dual Camera Capacitive Multiple Touch Screen G-sensor A13 Tablet, 3d Games Skype Video Calling, Netflix Movies (Dual Camera, White)",B00AUUOFR4,10
"Afunta(tm) White 4gb 7"" Android 4.0 Touch Capacitive Screen 1.2ghz 512mb Ram, 4gb Hard Drive Tablet Pc Wifi 3g Camera Wifi, Camera, Skype Video Calling, Netflix Movies",B00ADZP9JE,22
"Afunta® 9.2'' Google Android 4.0 512mb/8gb Tablet Camera Capacitive Multiple Touch Screen G-sensor A13 Tablet, 3d Games Skype Video Calling, Netflix Movies (Single Camera, White)",B00AUUOFR4,4
"Agptek 7 Inch Android 4.0 (8Gb) Capacitive Touch Screen Tablet Pc For E-Reading/3D Game/Hdmi 1080P 2160P Video/Tv Out (Black/White, Wi-Fi G-Sensor, Front Camera, Arm Cortex A9 1.2Ghz, 1Gb Ddr3, Extendable To 32Gb)",B009OY2FSI,30
"Alldaymall® 7 Inch Android 4.2 Dual Core VIA 8880 1.2GHz Tablet PC (4GB, Wi-Fi, HDMI, Dual Camera, Capacitive Touch)(Black & Pink)",B00J1W0NYG,2
"Alldaymall® 7 Inch Android 4.2 Tablet PC MID with Capacitive Touchscreen (Dual Core CPU, 1.5GHz, Wi-Fi, Dual Camera) Black",B00J1W0NYG,267
Amar® 7 inch dual core 3G Tablet pc Support 2G 3G Sim card slot Phone call GPS WiFi FM tablet pc 7 Inch 3G Phone Call Tablet MTK6572 Dual Core 1.2GHz Android 4.2 Sim slot Dual Camera GPS Bluetooth 512MB/4G,B00GPPX2MW,4
Android 2.1 Tablet PC X220 flytouch2 with GPS and Webcam,B004FGTGBY,21
Apple Ipod Touch 16GB Black/Silver (5th Gen) Store Return + Accessory Kit,B00IDAGX5U,3
Apple New iPad 4G 32Gb - Black (Factory Unlocked),B0080I7OH6,7
"Apple iPad (First Generation) MC497LL/A Tablet (64GB, Wifi + 3G)",B00365F6LE,610
"Apple iPad (first generation) MB292LL/A Tablet (16GB, Wifi)",B00365F6LE,680
"Apple iPad 2 2nd generation Tablet, 1 GHz processor, 16GB, Wifi (White)",B0047DVWLW,2408
"Apple iPad 2 MC755LL/A Tablet (16GB, Wifi + Verizon 3G, Black) 2nd Generation",B0047DVWZS,795
"Apple iPad 2 MC763LL/A Tablet (32GB, Wifi + Verizon 3G, black) 2nd Generation",B0047DVWZS,1540
"Apple iPad 2 MC770LL/A Tablet (32GB, Wifi, Black) 2nd Generation",B0047DVWZS,1590
"Apple iPad 2 MC916LL/A Tablet (64GB, Wifi, Black) 2nd Generation",B0047DVWZS,820
"Apple iPad Air MD788LL/A (16GB, Wi-Fi, White with Silver) NEWEST VERSION",B00G4G7TVC,260
"Apple iPad Air MD789LL/A (32 GB, Wi-Fi, White with Silver)",B00G4G7TVC,394
"Apple iPad Air ME991LL/A (16GB, Wi-Fi + AT&T, Black with Space Gray) NEWEST VERSION",B00G4G7TVC,380
"Apple iPad Air MF012LL/A (64GB, Wi-Fi + AT&T, White with Silver) NEWEST VERSION",B00G4G7TVC,295
"Apple iPad Air MF532LL/A (32GB, Wi-Fi + Verizon, White with Silver) NEWEST VERSION",B00G4G7TVC,406
"Apple iPad Air MF539LL/A (64GB, Wi-Fi + T-Mobile, White with Silver) NEWEST VERSION",B00G4G7TVC,346
"Apple iPad MD370LL/A (32GB, Wi-Fi + AT&T 4G, White) 3rd Generation",B00746VDEU,638
"Apple iPad Mini MF432LL/A (16GB, Wi-Fi, Space Gray )",B0096V634Q,49
"Apple iPad mini MD531LL/A (16GB, Wi-Fi, White / Silver)",B0096V634Q,1020
"Apple iPad mini MD542LL/A (64GB, Wi-Fi + Verizon 4G, Black)",B0096V634Q,788
"Apple iPad mini ME217LL/A (64GB, Wi-Fi + Sprint 4G, Black)",B0096V634Q,810
"Apple iPad mini with Retina Display (16GB, Wi-Fi, Silver) NEWEST VERSION",B00GQFFDE6,64
"Apple iPad mini with Retina Display (32GB, Wi-Fi + Verizon, Silver) NEWEST VERSION",B00GQFFDE6,2
"Apple iPad with Retina Display ME410LL/A (128GB, Wi-Fi + Sprint, Black) 4th Generation",B00GQFFDE6,606
Archos 101 G9 8GB - Classic,B005MED88K,9
"Archos 43 4.3"" Touchscreen Internet Surfing Device - Cortex A8 1 GHz (501578)",B0042RRTOC,89
Archos 502352 97 Titanium HD Multi-Touch Screen Android Tablet,B00B0C8UOU,8
Archos 7 8GB Home Tablet with Android (Black),B003COZM2C,199
Archos 97 Carbon 9.7-Inch 16 GB Tablet (Bronze),B008BPI378,10
"Archos FamilyPad 2 8 GB Tablet - 13.3"" - ARM Cortex A9 1.60 GHz - Black",B00B6V5Z70,5
"Astro Queo 7"" Android Tablet (4GB Memory, Wifi, A13, 7 Inch Multi Touch 5 Point Screen)",B00IBNK7TM,6
"Asus Eee PC T91 8.9-Inch Intel Atom Netbook Tablet Computer (Black), Windows XP, T91SA-VU1X-BK",B002GCR04Y,26
"Axis A23 7"" Dual Core, Dual Camera, 1024*600 Capacitive Screen Android 4.2 Tablet Pc (Black)",B00IFFQZZ6,20
"Axis A23 7"" Dual Core, Dual Camera, 1024*600 Capacitive Screen Android 4.2 Tablet Pc (Pink)",B00IFFQZZ6,8
"BLU Touch Book 7.0 Lite P50 Tablet PC with Android 4.0 OS, Multi-Touchscreen, MP3/MP4 Player, Wi-Fi and microSD Slot - White",B00ALGORK2,2
"BWC 7 Inch Kidi-Value V4.2 Dual Core Android 4.2 (Jelly Bean) Tablet PC Ideal for Children and Adults alike, Slim, Fast and excellent Value with and 1024x600 High Def, Widescreen Display and HDMI out port for use as a media player",B00F6NNT9A,2
"Birthday Gift Bundle with Black Keyboard Case-Black 7"" Android 4.2 Jelly Bean A20 Tablet PC HDMI USB Dual Core Cameras WiFi External 3G Games with 4GB Nand Storage, 512MB RAM, 1.2Ghz.",B00FZD7RTO,2
"Black Color 7.0 Android 4.0 Tablet Pc Computer 4gb Wifi, Camera, Youtube, Games , Skype Video Calling &Netflix; Movies",B00DE0C7R2,5
Blackberry Playbook 7-Inch Tablet (32GB),B004UL34VW,694
"CHUWI VX1 7"" Inch Quad Core 1.3GHz Android 4.2 IPS 5 Points Multi-touch Tablet PC Smartphone Phablet 1G Ram 8MP Camera 16GB Bluetooth WIFI GPS 1080P",B00IYBEJA4,1
"CINEPAD AT107F 7"" 4 GB Tablet - Wi-Fi - Boxchip Cortex-A8 A10 1 GHz - Black",B007NSOS96,10
"Christmas/Birthday Gift Onebook Genius 7"" Android 4.1 4GB MID Capacitive Touch Screen Allwinner A13 Q88 Tablet WiFi External 3G MID",B00FYO1PFQ,1
"ClickN Kids Tablet with 8GB Memory 7"" Featuring Looney Tunes Phonics | P774A",B00HJXWJ8C,8
"Coby 7"" Inch Kyros Touchscreen Internet Tablet 4G Android OS 2.3 Dark Blue - Coby MID7120-4G (Exclusive Color)",B005SSZ6TO,10
"Coby Kyros 10.1-Inch Android 2.2 4 GB Internet Touchscreen Tablet, Black MID1024-4G",B004U5YNOA,8
"Coby Kyros 10.1-Inch Android 4.0 8 GB 16:10 Capacitive Multi-Touchscreen Widescreen Internet Tablet with Built-In Camera, Black MID1045-8",B004U5YNOA,30
"Coby Kyros 7-Inch Android 4.0 4 GB 16:9 Capacitive Multi-Touchscreen Widescreen Internet Tablet with Built-In Camera, Black MID7042-4",B0075W8D7I,160
"Coby Kyros 7-Inch Android 4.0 4 GB Internet Tablet 16:9 Capacitive Multi-Touch Widescreen, Black MID7036-4",B0075W8D7I,171
Coby Kyros 7-Inch Android 2.3 4 GB Internet Tablet with Capacitive Touchscreen - MID7127-4G (Black),B0075W8D7I,44
"Coby Kyros 8-Inch Android 4.0 4 GB 4:3 Capacitive Multi-Touchscreen Internet Tablet with Built-In Camera, Black MID8042-4",B0075W8Y1S,25
"Coby Kyros 8-Inch Android 4.0 4 GB 4:3 Capacitive Multi-Touchscreen Internet Tablet with Built-In Camera, Black MID8042-4",B0075W8Y1S,170
"Condroid ® 7'' GMS certified by Google Black Dual Core 1.5 GHz Condroid X7 Google Android 4.2 Tablet PC, Dual Camera, HD 800x480, 8GB, Google Play Pre-load, HDMI (Allwinner A23) + Hausbell ® H7 (gift)",B00JKBKAS2,2
Condroid® X7 Tablet PC Computer Google GMS Certificated Dual Core 1.5 GHz Google Android 4.2 System 512M RAM 8GB ROM Capacitive Multi-touch LCD Screen (Black),B00JKBKAS2,1
Craig Electronics 7-Inch Capacitance Tablet (Android 4.0) with Front Facing Camera CMP741e,B008PQ618Q,12
Craig Electronics CMP741 7-Inch Tablet,B008PQ618Q,16
Creative ZiiO 16 GB 7-Inch Android 2.2 Wireless Entertainment Tablet (White),B004DJQXDW,107
"DOPO 1.2GHz 512MB 4GB 7"" Capacitive Touchscreen Tablet Android 4.0 w/HDMI microSDHC & Webcam",B00AQ6XDIE,3
"Dell Inspiron Duo Convertible Tablet with Intel Dual Core 1.5GHz, 10.1"" Multi-touch Screen with WebCam, 2GB DDR3 Memory, 320GB Hard Drive, Windows 7 Home Premium",B004KSNQ3Q,12
Dell Inspiron Mini Duo 3487FNT Convertible Laptop/Tablet (Foggy Night),B004EWEZM4,41
Dell STREAK7-16GRAY 7-Inch Unlocked Tablet with Android 3.0 Honeycomb GSM Sim Ready - Gray,B0062W95R4,10
Dell Streak 7 Wi-Fi Tablet,B004QZASJ8,80
Dell Venue Pro11i-8182BLK 10.8-Inch Tablet (Black),B00FFVYSNY,16
"Digital Reins 9"" Inch Tablet PC - Google Android 4.2 WiFi 8GB 512DDR3 Dual Camera & Dual Core - A23 Processor - Supports Skype Video Chatting, YouTube, Google Play",B00E87YPNE,30
Digital2 7-Inch Tablet (Pink),B00BF9MU62,114
Digital2 Deluxe 4GB Tablet,B00GGAGQT2,8
Double Power GS-918 Dual Core Google Certified 9-Inch Android Tablet,B00DOJIZF6,10
"Double Power M-975 with WiFi - 9.0"" CapacitiveTouchscreen Tablet PC Featuring Android 4.0 with Google Play",B008FCCV0M,10
"Dragon Touch® 7'' Green Dual Core Y88 Google Android 4.1 Tablet PC, Dual Camera, HD 1024x600, Google Play Pre-load, HDMI [By TabletExpress]",B009SD74H2,280
"Dragon Touch® 7'' Green Dual Core Y88 Google Android 4.1 Tablet PC, Dual Camera, HD 1024x600, Google Play Pre-load, HDMI [By TabletExpress] (Red)",B009SD74H2,280
Dragon Touch® 9'' Google Android 4.2 Jelly Bean 8GB MID Capacitive Touch Screen G-sensor Dual Camera A13 Tablet MID948B [By TabletExpress],B009SD74H2,250
"EGQ307 8 GB Tablet - 7"" - 1.50 GHz - Blue",B00GTRW286,2
"ELSSE 8"" 5-point capacitive screen TABLET PC ANDROID 4.0 - 512MB 8GB Camera WIFI 30162",B0096R2880,8
Easydy 8inch HD Capacitive Touch screen Android 4.0 Dual Camera Tablet with ARM Cortex-A9 1500 MHz / 512MB DDR3 / 8G Flash Wifi HDMI,B00CCP4KAW,1
Ematic Dual-Core EGD103 10-Inch 8 GB Tablet,B00I9N4J66,1
Ematic EGS004-BU 7.0-Inch 4GB Genesis Prime MultiTouch Tablet (Blue),B00BMJJ91O,58
Ematic EGS004-GR 7.0-Inch 4GB Genesis Prime MultiTouch Tablet (Gray),B00BMJJ91O,30
Ematic EGS004-PR 7.0-Inch 4GB Genesis Prime MultiTouch Tablet (Purple),B00BMJJ91O,30
Ematic EGS102BL 10.0-Inch 4GB Genesis Prime XL Multi-Touch Tablet (Black),B00BMJJASG,15
Ematic EGS102GR 10.0-Inch 4GB Genesis Prime XL Multi-Touch Tablet (Gray),B00BMJJASG,10
Ematic FTABMB2 4.3-Inch 4GB Fun Tab Mini Touch Screen Kids Tablet (Blue/Green),B00BMJCQ96,40
Ematic FTABMP2 4.3-Inch 4GB Fun Tab Mini Touch Screen Kids Tablet (Pink/Purple),B00BMJCQP0,40
Ematic FunTab 4GB 7 Multi-Touch Screen Kids Tablet with Android 4.0 (Pink and Purple),B00AGKIFGU,46
Ematic FunTab FTABCP-2 7.0-Inch 4GB Tablet (Pink),B00BT8V286,10
Ematic HD Dual-Core EGD170BU 7-Inch 8 GB Tablet (Blue),B00I9N4KLU,1
"Epassion 10"" Android 4.2 Jellybean 8gb Touchscreen Tablet. 1.2ghz Dual Core Processor. 1gb Ram Memory. Dual Camera. Wifi & 3g Ready. Hdmi 1.4 Port. In Black",B00IZAJ1C0,1
"Excelvan ET904 9 inch Android 4.0 A13, 8GB Nand Flash, OTG, Wifi, Capacitive Touchscreen Tablet",B00EEZVEOI,2
"Factory Unlocked Apple iPad AIR MF016LL/A (128GB, Wi-Fi + 4G LTE, Black with Space Gray) Newest Version",B00H6UW3QQ,3
Factory Unlocked Ipad3 64gb Black 4g,B009XAWNP8,5
"FastTouch(TM) 7 INCH DUAL CAMERA TABLET PC - RED 4GB, GOOGLE ANDROID 4.1, ALLWINNWER A13 BOXCHIP CORTEX A8, 512MB RAM, MULTIILPE TOUCH SCREEN, WIFI, SKYPE, NETFLIX MOVIES",B00ECKKUHM,3
"Father's Day Gift! iRulu® 9.7"" Quad-Core 4X1.2GHz Android Tablet PC (AZ942), 1024*768 HD Touch Screen, 1GB Fastest RAM, 4.2.2 Jelly Bean OS, Dual Camera (5 mega pixel), Bluetooth, Wifi, HDMI, Updated to 16GB",B00IZA53AE,5
"Flytouch XR Android 4.2 Capacitive Touch Screen 10-Point Touch, Dual Core Cortex A9 Processor 1.5Ghz, HDMI",B00FY2TZOG,2
"Foneso (tm) NAVY Ultrathin 7"" Android Tablet PC with Capacitive 5 Point Multi-Touch Screen Dual Camera A23 Dual Core Processor WIFI Bluetooth [New Upgraded Bluetooth Model May 2014]",B00JOZD0U4,1
"Fuhu NABIXD-NV10A XD nabi 10.1"" Android 4.1 Tablet Computer, NVIDIA Tegra 3 Processor 1.3 GHz, 1GB RAM, 16GB Storage",B00BKSYGBA,18
"Fujitsu LifeBook T4215 12.1"" Tablet PC",B000KDEGAW,1
"Fujitsu STYLISTIC 10.1"" 32GB NVIDIA Tegra Tablet",B00906DTB2,3
"G-Tab Prizm xZ - Dual Core Android Tablet PC (7-inch, Wi-Fi, 2014 Model) [Pink]",B00HQ6A7FY,4
"Generic Nextway F9x 9.7"" Android 4.1.1 Quad-core A31 3.3ghz 16gb Tablet Pc with External 3g, Auto Screenshot, Pip, Capacitive Retina Display IPS Touch 2048x1536 (Black)",B00BZMZJIA,2
"Goldengulf 9"" inch DUAL CORE dual camera Newest MID Google Android 4.2 Tablet PC Capacitive Allwinner A23 8GB/512M RAM Flash 11.1,Registered in Washington",B00F96JG78,70
Goldengulf 9-Inch Dual Camera Latest MID Google Android 4.0 Tablet Pc Capacitive Allwinner A13 8GB,B00CGVHYA0,11
"Goldengulf-2014 Newest 7 inch Dual Core 3G Dual Sim Phone Call Tablet, Android 4.1 4GB, GPS, Facebook, Youtube",B00EQ5GCR0,1
"Google Nexus 10 (Wi-Fi only, 32 GB)",B00ACVI202,353
Google Nexus 7 Tablet (16 Gb),B00CHUCG1W,10
Gpad WM8850 Android 4.0.3 Tablet PC 7 inch Capacitive Screen VIA 8850 Cortex A9 4GB (White),B00AZZQHBG,1
HISENSE Sero 7 Pro 7 Inch 8GB Tablet - A,B00FQT4QKU,10
"HKC Tablet with 8GB Memory 7"" | P774A-BBL",B00GAC8J5U,2
"HP 7 1800 7-Inch, 8 GB Tablet, Expandable to 32 GB (White)",B00GZVE76G,10
HP EliteBook Revolve D3K51UT 11.6 inch Tablet PC - Wi-Fi - Intel Core i5 i5-3437U 1.90 GHz - LED Backlight,B00BNHOQFY,5
HP Omni O10-5600US 10.1-Inch 32 GB Tablet (Graphite),B00GSPW2QG,40
"HP Pavilion TX1000Z 12.1"" Touchscreen Tablet Computer (2.0 GHz AMD Turion 64 Dual Core TL-60, 4 GB RAM, 160 GB Hard Drive, DVD+/-RW Drive, Windows Vista Home Premium)",B001874JXS,10
"HP Slate 500 8.9"" Black",B00465QM6Q,38
"HP Slate 500 Tablet PC Atom Z540 1.86GHz 64GB SSD 2GB 8.9"" WSVGA Touchscreen BT Window 7 Professional 2x Webcams",B005OTYLGG,3
HP TouchSmart tx2z Customizable Notebook PC,B001LXTQDW,9
"HTC Flyer 7"" Android Tablet, 16 GB",B0053RJ3F8,44
"Halloween Onebook Genius Blue Tablet PC - Version Android 4.1- Super Slim and Light 7"" Google Android Tablet PC with 1.5Ghz Processor and 4GB Storage",B00BLZGIUO,2
"Hisense Sero 7 Lite Tablet with 4GB Memory 7"" | E270Bsa",B00E70IN9E,10
"IPS Retina 2048x1536 Screen Chuwi V99 Quad Core Ratina Screen Android 4.1 Tablet Pc 9.7"" Allwinner A31 2gb RAM 5.0mp Camera",B00CPL8KI6,2
IdeaPad 065185U Net-tablet PC,B003N2OVN4,20
"KLÜ 8-Inch Tablet PC with Capacitive Touch Screen, Android 2.3 and 4 GB Memory",B00776IOY4,5
"Kindle Fire HD 8.9"" Tablet",B008GFRE5A,2090
Kindle Fire HD Tablet [Previous Generation],B0083PWAPW,2300
"Kindle Fire HDX 7"" Tablet",B00BHJS3C0,590
"Kindle Fire HDX 7"" Tablet",B00BHJS3C0,1652
"Kindle Fire HDX 7"" Tablet",B00BHJS3C0,1870
"Kindle Fire HDX 7"" Tablet",B00BHJS3C0,1299
"Kindle Fire HDX 8.9"" Tablet",B00BHJS3C0,1450
Kindle Fire Tablet [Previous Generation],B0083Q04IQ,2056
"Klu 7-Inch Android Tablet, Capacitive Touch Screen, 1.2 GHz Processor with Built In Camera",B00AVD4PQQ,18
"Kobo Arc 7"" 32GB Touchscreen Colour eReader with Wi-Fi - White",B00AA7ZFZS,6
Kocaso M M1070 10.1-Inch 8 GB Tablet,B00B4PK0X2,6
"Kocaso M752 7"" Android 4.0 All Winner A13 Cortex A8 1.2GHz 4GB 512MB Dual Camera Capacitive Multi-Touch Tablet PC (Black)",B00A8D4FLE,22
Kocaso M760S 12GHz 4GB 7 Capacitive Touchscreen Tablet Android 40 Ice Cream Sandwich w HDMI Camera More! Silver,B008CG4N9I,1
Kocaso M9100 M9100PUR 9-Inch 8 GB Tablet (Purple),B00FFAD7K0,2
Kocaso MID M9300WH 9-Inch 64 GB Tablet,B00GIDOMMA,3
Kocaso MID-M760 7-Inch Tablet (Black),B008D99LBE,4
Kocaso MID-M9000 9-Inch Tablet (White),B0096YYEWQ,10
Kurio Kids Tablet with Android 4.0 - 7-Inch 4 GB,B00887IF0Y,215
LG G Pad 8.3 Tablet Quad-core 2gb RAM 16gb Flash 8.3 Full Hd Display White,B00HL3P9EG,23
Latte ICE Smart 8 GB Smart Media Tablet,B0056BRXWQ,30
Le Pan 8GB 8-Inch Quad Core Android 4.2 Tablet (Silver),B0067XX3AI,10
"Le Pan II 9.7"" 8 GB Tablet with Android 4.0.4 Ice Cream Sandwich",B0067XX3AI,490
Le Pan S-WH 9.7-Inch Tablet (2 Year),B009T0FIWW,30
LeapFrog LeapPad Ultra Kids' Learning Tablet,B00CS1WDBI,134
LeapFrog LeapPad2 Power Learning Tablet,B00CP4J7OY,262
Lenovo Idea S2110 Tablet 10.1-Inch 16 GB Tablet,B008B264UE,1
Lenovo Idea Tablet A1107 7-Inch 16 GB Tablet (Black),B008B2650S,3
Lenovo IdeaPad Miix 10.1-Inch 64GB Tablet (Silver),B00CRXZPAS,10
Lenovo IdeaTab A2109 9-Inch 16 GB Tablet,B0082PRPIA,71
Lenovo IdeaTab K3 Lynx 11.6-Inch 64 GB Tablet,B009AEPJ8U,120
Lenovo Ideatab A2107 3G 7-Inch 16 GB Tablet (Black),B00AWASBJA,8
"Lightinthebox Starlight Blue - Android 4.0 Tablet with 7 Inch Multi-Touch Capacitive Screen (4GB,WiFi, 1.5GHz, 3G, Camera)",B00E4M9H40,4
"MID_M729 7"" Android 4.0 4 GB Cortex A8 1.2Ghz 3G Wifi 1.3MP Front Camera HDMI 512MB RAM 16:9 Capacitive Multi-Touchscreen Internet Tablet (White)",B009PIQFHA,28
"MOTOROLA XOOM Android Tablet 10.1-Inch, 32GB, Wi-Fi - Factory Refurbished",B009GJOK16,10
MSI Computer Corp. WindPad 110W-224US 10.0-Inch 64 GB Tablet,B00FZ3FSOA,2
"Matricom® G-Tab Quantum 10 Android 4.2 HD+ IPS Quad Core Tablet PC (10.1-Inch IPS, WiFi, Bluetooth)",B00ET9L9U8,195
"Megafeis® 7"" Dual Core M700plus Google Android 4.1 Tablet Pc, Hd 1024x600, Google Play Pre-load, Hdmi, 3d Game Supported",B00G24QB6U,1
Microsoft - Surface Pro 2 with 128GB - Dark Titanium,B00FG7MVJU,109
Microsoft 64GB Surface RT Tablet,B00ET0H9R4,6
Microsoft Surface RT 64GB,B00DP3KOOG,70
"Motorola Droid XYBoard 10.1"" 16 GB Tablet MZ617-16 / Black - Non-Retail Packaging",B00AC788TG,11
"Motorola Droid XYBoard 8.2"" 32 GB Tablet MZ609-32 / Black - Non-Retail Packaging",B00AC7BPFK,2
Motorola Xoom 32GB MZ600 Android - Verizon,B006ZU59SM,10
Motorola Xoom MZ601 32GB Silver/Black Android Tablet / GSM Phone WiFi+3G International Version,B006UODCIW,3
"NOOK HD 7"" 16GB Tablet",1400501520,50
"NORIA T2 7"" Android JellyBean Tablet PC - Multi Touch. 8GB Flash Local Memory. HDMI Port (Bonus HDMI Cable Included). Dual Core CPU. Integrated Dual Camera 2MP - Black - September 2013.",B00F2PFDLO,246
"Nabi JR 5"" Children's 16GB Tablet - Nickelodeon Edition",B00CUM9CNW,35
"NeuTab N7 7'' Dual Core Google Android 4.1 Jelly Bean Tablet PC, 1024X600 HD, Dual Camera, Google Play Pre-loaded, 3D-Game Supported",B00GX05NDU,91
"New Original Microsoft Surface 32GB Tablet - Windows RT 8, 10.6"" HD LCD Touchscreen, Front and Rear Camera Office 2013 RT Included",B00IGLBER8,10
"New TravelTek 7"" Inch Tablet Android Google 4.2.2 Jelly Bean 4GB DDRIII External 3G Port MicroSD Flash USB Port 1GHz",B00GOKTKVA,9
"Nexus 7 from Google LTE Version (7-Inch, 32 GB, Black, LTE) by ASUS (2013) Tablet",B00FJDVSTA,10
"Nokia Lumia 2520 4G LTE Tablet, Black 10.1-Inch 32GB (AT&T;)",B00GMUTQWK,30
Orbo Jr. 4GB Android 4.1 Five Point Multi Touch Tablet PC - Kids Edition [March 2014] - Blue,B00K0S2J1A,18
Orbo Jr. 4GB Android 4.1 Five Point Multi Touch Tablet PC - Kids Edition [March 2014] - Pink,B00K0S2J1A,18
PPTab® 7 Inch Android 4.2 PC Tablet - 512MB DDR RAM A20 - Best Touch Screen - HDMI Output 1080P - Micro USB Port - Great for Kids & Cheap - Front & Back Camera - Wifi for Internet - DualCore A7 1GHZ - Google Play Installed,B00KAJ9444,10
Panda Pad Novo9 Spark Quad Core A31 Tablet PC 9.7 Inch Android 4.1 (Jelly Bean) Retina IPS Screen 2G RAM 16G ROM 4K Video HDMI White Dual Camera 2048 x 1536px Super Slim Altra Thin Debut,B00AWK2S1M,1
Panimage Media Tablet Powered By Android,B006K3POUW,13
"Pink 7 Inch Phone Tablet Unlocked Gsm Sim Card with Blue Tooth Android 4.0 ICS ,Dual Camera,at&t,t-mobil",B00DGLY3V2,5
Polaroid 4.3-inch Android 4.0 4gb Internet Tablet with Camera,B00AR4HJBM,10
"Polaroid 7"" 4GB Internet Tablet with Android 4.0 Ice Cream Sandwich OS, Cortex A8 1GHz Processor, 512MB RAM, 4GB Internal Storage",B007OXJG7O,39
Polaroid Google-Certified S10 10-in. Android Tablet,B00GPG6YBW,3
Polaroid PMID1000 Android 10.1-inch Capacitive Multi-Touch Color Display Tablet w/ Dual Cameras 8GB Internal Memory WiFi Built-In Stereo Speakers and Microphone (Black),B00EMJNIFO,6
"Polaroid V7 7"" Internet Tablet Front & Rear Camera Android 4.1 Jelly Bean Tablet",B00H03NZB6,6
"ProntoTec 7 Inch 3G Android Tablet PC, Dual Core 1.2 Ghz Processor, Android 4.0, 4GB, DDR3 512MB RAM, Dual Camera, Wi-Fi, 3G Enable (AT&T / T-Mobile / Verizon Wireless)",B00EYS9HLW,1
"ProntoTec 7"" Android 4.2 Tablet PC, Cortex A8 1.2 Ghz Dual Core Processor,512MB / 4GB,Dual Camera,HDMI,G-Sensor (Black)",B00GM7Z8F2,27
"ProntoTec 7"" Android 4.2 Tablet PC, Cortex A8 1.2 Ghz Dual Core Processor,512MB / 4GB,Dual Camera,HDMI,G-Sensor (Pink)",B00GM7Z8F2,18
"ProntoTec 7"" Android 4.2 Tablet PC, Cortex A8 1.2 Ghz Dual Core Processor,512MB / 4GB,Dual Camera,HDMI,G-Sensor (White)",B00GM7Z8F2,29
"ProntoTec 9 Inch HD Android Tablet PC, Cortex A9 Dual Core 1.2 Ghz, HD (1024 x 600 Pixel) Touch Screen, Android 4.2 OS, 8G Nand Flash, DDR3 1GB RAM, Dual Cameras, Wi-Fi, G-Sensor (White)",B00H79JANA,28
"ProntoTec Axius Series 7"" Android 4.2 Tablet PC,HD 1024 x 600 Pixels，Cortex A8 Dual Core Processor, 512MB/6GB, Dual Camera, HDMI, G-Sensor, Google Play Pre-load -pink",B00JEXBO6I,6
"Proscan 8"" 4GB Android 4.1 Jelly Bean Touchscreen Tablet",B00F689T26,5
Pyle Astro PTBL92BC Android 9-Inch Bluetooth Digital Touch-Screen 3D Graphics Wi-Fi Tablet,B00FZHWR68,40
RCA MobileTV DMT580DU 8-Inch 8GB Tablet,B00D6KFYTI,1
"RCA RCT6378W2 7-Inch Tablet (Dual core processor, 8GB in-built memory, Android 4.2 Jelly Bean)",B00GZFFZKY,10
"RED 7 Inch GOOGLE Android AllWinner Tablet PC, (4GB) Boxchip Cortex A8 1.2Ghz MID Capacitive Touch Screen G-Sensor WiFi, Camera, Skype Video Calling, NetFlix Movies, Flash Supported, By FastTouch(TM)",B00INJFSOI,3
Razer Edge Pro 256GB Tablet,B00BIFX5JE,53
Riin 10.1-inch 8gb Tablet Allwinner A20 Dual-core Android 4.2 1gb DDR with Dual Camera Hdmi Output(white),B00IWNTNAA,2
"Rugged Motorola ET1 Tablet, Android, WiFi, GPS, Camera, Gorilla Glass 7"" Display",8072112198,2
SILICON VALLEY PERIPHERALS TPC0915 TPC0915 9IN ANDROID 4.1,B00EOBJ7Q4,6
SVP 7in Android 4.0 4GB 512MB RAM Tablet PC,B007TCEQ6G,10
SVP® 10 inch Quad Core Dual Camera Android 4.2 HDMI Touch Screen Tablet 3G Wifi 3D E-book,B00FSL2TOG,1
"SVP® 10"" Android 4.1 Capacitive Touchscreen Tablet (Features Google Play Store, Skype, YouTube, Netflix, Camera, Wifi, and G-Sensor!",B00FSL2TOG,10
"SVP® 9 Inch Dual Core ANDROID 4.1 8GB Tablet WIFI 3G HDMI 3D E-book Google Play Store capacitive Touch Screen Tablet PC 9""",B00GP5ILZK,4
"SVP® 9 inch Tablet , Android 4.0, Dual Camera,8GB Internal Memory,Google Play Store, Capacitive Touchscreen",B00GP5ILZK,10
"Samsung 10.1"" 16GB Android 3.1 Tablet",B008GUGCQM,6
Samsung ATIV Smart 500T Tablet PC,B00BBG0S8G,2
"Samsung GALAXY Tab 2 8GB 7"" Touchscreen Android Tablet - Silver - REFURBISHED",B008VT4GOI,10
"Samsung Galaxy Note 10.1 (16GB, Deep Grey)",B008DWG5HE,720
"Samsung Galaxy Note 10.1 (32GB, Deep Grey)",B008DWG5HE,773
"Samsung Galaxy Note 10.1 2014 Edition (32GB, White)",B008DWG5HE,384
Samsung Galaxy Note 10.1 White 16gb Wifi (Pouch Included) Part# GT-N8013ZWSXAR/GT-N8013ZWYXAR,B008DWG5HE,7
"Samsung Galaxy Note 8.0 (16GB, White) 2013 Model",B00BQH8UEY,390
Samsung Galaxy Note 8.0 GT-N5100 16GB 3G + WIFI table/phone international version/warranty - White,B00BQH8UEY,60
"Samsung Galaxy Note Pro 12.2 (32GB, White)",B00HWMPTLE,50
"Samsung Galaxy Note Pro 12.2 Keyboard Bundle (32GB, Black)",B00HWMPTLE,130
"Samsung Galaxy Tab (7-inch, 16GB, Wi-Fi)",B004U9USEA,151
Samsung Galaxy Tab (T-Mobile),B004U9USEA,73
"Samsung Galaxy Tab 2 (10.1-Inch, Wi-Fi)",B007M50PTM,1281
Samsung Galaxy Tab 2 10.1 16GB Titanium Silver,B007M50PTM,20
"Samsung Galaxy Tab 3 (10.1-Inch, White) 2013 Model",B00D029NNA,600
"Samsung Galaxy Tab 3 (7-Inch, White) 2013 Model",B00D02AGU4,1180
"Samsung Galaxy Tab 3 (8-Inch, Gold-Brown)",B00DEZ5DRS,417
"Samsung Galaxy Tab 3 (8-Inch, White) 2013 Model",B00DEZ5DRS,477
"Samsung Galaxy Tab 3,8-inch, White 16GB Wi-fi (Pouch Included)",B00DEZ5DRS,1
"Samsung Galaxy Tab 4 (10.1-Inch, Black)",B00JKCH4X0,10
"Samsung Galaxy Tab 4 (10.1-Inch, White)",B00JKCH4X0,30
"Samsung Galaxy Tab 4 (8-Inch, White)",B00JKCH4V2,20
"Samsung Galaxy Tab 7.0 Plus 16GB (Dual Core, Universal Remote, WiFi)",B005N130Y4,160
Samsung Galaxy Tab Pro 10.1 Tablet (White),B00HWMPSF6,93
"Samsung Galaxy Tab Pro 12.2 (32GB, Black)",B00HWMPRKC,19
Samsung Galaxy Tab Pro 8.4-Inch Tablet (Black),B00HWMPRKM,110
"Samsung Galaxy Tab SCH-I905 32GB, Wi-Fi + 4G (Verizon), 10.1in - Metallic Gray w/chargers",B008GG4HSQ,10
Samsung Series 7 Slate PC - tablet - Windows 7,B007515W9G,3
"Samsung Series 7 XE700T1A-A03US 11.6-Inch Slate (128 GB, Win 7 HP) - Dock and Keyboard Included",B005OUQ9WO,53
Samsung Series 7 XE700T1A-A05US (11.6-Inch Screen) Laptop,B005OUQ9WO,17
Shamo's New 10.1 Inch Google Android 4.2 Jeally Bean Tablet Pc 8gb ROM Quad Core 10 Inch 1gb RAM Hdmi Two Cameras Quad Core Supports Micro Sd Memory Card,B00IXZVKWQ,15
"Simbans (TM) S71B 7 Inch Android Tablet PC - 4GB, A13 1.2Ghtz, Touch Screen, WiFi, Camera, YouTube, Skype, Games - BLACK",B00AOYX2DO,63
"Simbans (TM) S72B 7 Inch Android Tablet PC - NEW MODEL Dual Camera, Android 4.1 Jelly Bean A13 1.2Ghtz, Touch Screen, WiFi, YouTube, Skype, Games - BLACK",B00AOYX2DO,83
"Simbans (TM) S81G 8 Inch Quad Core Tablet PC - IPS Screen, 1 GB RAM, 8GB, Android 4.1, 1.2Ghtz , WiFi, Camera, G Sensor, YouTube, Skype - GREY",B00INVKDNM,1
"Simbans (TM) S81W 8 Inch Quad Core Tablet PC - IPS Screen, 1 GB RAM, 8GB, Android 4.1, 1.2Ghtz , WiFi, Camera, G Sensor - WHITE",B00INVKDNM,6
Sony P SGPT211US/S 5.5-Inch Tablet,B007SPUSIE,14
Sony Xperia Z SGP312U1/W 10.1-Inch 32GB Tablet White,B00GTCFFDA,139
Sophix TAB-740G - 7'' Dual Core Android Tablet,B00HSXYNV4,3
Sound Logic Android 2.3 7-Inch 2-in-1 Swivel Netbook and Tablet-in-one (72-5577),B007CVTQJG,19
Supersonic Android 4.1 SV-9 9-Inch Tablet,B00BB9P1KI,13
Supersonic SC97JB 9.7-Inch 8 GB Tablet,B00ANHHYC2,2
Sylvania SYTAB10ST 10-Inch Tablet (Black),B006CF8B4O,20
T-Mobile G-Slate 4G Android Tablet (T-Mobile),B004WF63BO,16
"TBS® 7"" inch Google Android 4.0.3 Touch Screen Tablet PC with 1.2GHz, 512MB DDR3, 8GB built-in Capacity and 32G Expandable Micro SD Card Compatible with Youtube /Facebook /SKYPE (White)",B00A66YHRK,10
"TBS®2700 Hamlet 7"" inch Google Android Tablet PC, Quad Core Cortex A9 Processor, Quad Core GPU,1GB RAM, 16GB Internal Storage, 1280x800 HD Display IPS screen, Wifi, Dual Camera, for Netflix and Games, HDMI Output to TV(Black)",B00D86LVGK,8
"TURCOM 7"" Capacitive A10 Tablet PC 4.0 Android WiFi 3G MID Allwinner (4GB Black)",B0093NZNAM,188
"TURCOM NEW ""1GB DDR3 RAM"" 8-inch 8GB UPGRADED Android 4.1 Capacitive Tablet_w/ Dual Camera and QUAD Core Cortex A9 Processor",B009AIBW1E,10
"TURCOM NEW ""1GB DDR3 RAM"" 8-inch 8GB UPGRADED Android 4.1 Capacitive Tablet_w/ Dual Camera and QUAD Core Cortex A9 Processor (Pink)",B009AIBW1E,11
"TURCOM NEW ""1GB DDR3 RAM"" ZENITHINK 10-inch_8GB_C93 UPGRADED_Android 4.0.3_Capacitive Tablet_w/ WebCam and Dual Core Cortex A9 Processor",B009AIBW1E,50
Tabeo E2 8 Inch Kids Tablet - Blue,B00FAZ1Z4U,14
Tabeo E2 8 Inch Kids Tablet - Pink,B00FAZ1Z4U,21
Tagital® 7 Inch Dual Core Tablet PC Android 4.2 Allwinner A20 1.2Ghz Dual Camera Bundle Keyboard,B00EXTXNZI,21
"Tagital® 9"" Android 4.2 A23 Dual Core Tablet PC Dual Camera Bundled with Keyboard",B00F4PRKDG,62
"TeSoar® 7"" 8GB Black Tablet PC Allwinner A13 Processor Google Android 4.0 Multi-touch Capacitive Screen TF/MiniSD Card Supported 1.3M Front Camera MID Wifi",B00FYF0I5I,4
Thought Out Stabile 2.0 iPad Stand - Silver,B003NG0BKM,70
Tivax MiTraveler 7D8C 7-Inch 8 GB Tablet (Black),B00DQ623TQ,10
"Toshiba Encore Tablet 64 GB 8"" - WT8-A64",B00G2IBJN6,4
Toshiba Encore WT8-A32 8-Inch 32 GB Tablet,B00G1YKHHA,10
Toshiba Excite 7c AT7-B8 7-Inch 8 GB Tablet,B00HWI3T1U,10
Toshiba Thrive 10.1-Inch 16 GB Android Tablet AT105-T1016,B0052P6DQI,750
"Toshiba Thrive At100-002 10.1"" Tablet Pc 16 gb Wifi",B005KSJQ0M,1
"Turcom 10.2"" Google Android 2.3 Tablet PC 8GB 512 MB RAM",B006ZE7APS,10
"Turcom 9"" 8GB ANDROID 4.0 RK 2906 1.2GHZ /GPU MALI-400 CPU WITH 3D ACCELERATOR, DUAL CAMERA AND HDMI PORT",B009GJYLYC,148
Tursion 10 Inch Android 2.3 Tablet PC WIFI & 3G 8 GB STORAGE Cortex A9 Processor,B005V5TPXC,12
"Tursion 10.2"" Google Android 2.3 Tablet PC 16GB 512 MB RAM",B0070E21PG,7
VTech InnoTab 2 Learning App Tablet - Pink,B007XVYOM4,62
VTech InnoTab 2S Wi-Fi Learning App Tablet,B008DS1M58,23
VTech InnoTab 2S Wi-Fi Learning App Tablet,B008DS1M58,34
"ValuePad VP111 7"" Tablet 8GB Bluetooth HDMI Scr Prot Android 4.2.2 1.3GHz 1080P Google Play 3D Game MicroSD Dual Core Dual Camera (Black)",B00I09YPYU,4
"Velocity Micro Cruz 7"" 2GB Tablet / T301",B004CFF6ZI,6
"Velocity Micro Cruz T301 7"" Android 2.2 Tablet",B004CFF6ZI,11
Velocity Micro T103 Cruz 7-Inch Android 2.0 Tablet (Black),B004CFF6ZI,85
Velocity Micro T301 Cruz 7-Inch Android 2.0 Tablet (Black),B004CFF6ZI,231
"Verizon Ellipsis 7 4G LTE Tablet, Black 7-Inch 8GB (Verizon Wireless)",B00GJ3MF9Q,10
ViewBook VB730 7-Inch Android 2.2 Wi-Fi/BT Tablet - Black,B004ULKSXO,10
ViewSonic ViewPad 7 7-Inch Android 2.2 Tablet - Black (Wifi & Unlocked 3G),B004ALMF6C,40
Viewsonic V7E_1WNA1US7_01 ViewPad 7e 7-Inch Android 2.3 Gingerbread Tablet - White,B005LG9A54,30
Visual Land Connect 9-Inch Tablet with 8GB Memory (Pink),B00BUUCNE0,30
Visual Land Prestige 10-Inch Tablet with 16GB Memory (Pink),B008PNWS9U,110
Visual Land Prestige 7-Inch Tablet with 8GB Memory (Black),B00CSKL5JA,20
Visual Land Prestige 7-Inch Tablet with 8GB Memory (White),B00CSKL5JA,46
Visual Land Prestige 7G 8GB with Google Play- Blue,B00CSKL5JA,10
Visual Land Prestige 7G 8GB with Google Play- Pink,B00CSKL5JA,10
Visual Land Prestige 7L - 7-Inch Tablet with 8GB Memory (Black),B00CSKL5JA,47
Visual Land Prestige 7L - 7-Inch Tablet with 8GB Memory (Orange),B00CSKL5JA,60
Visual Land Prestige 7L - 7inch Tablet with 8GB Memory (Royal Blue),B00CSKL5JA,67
"White 7 Inch GOOGLE Android AllWinner Tablet PC, A23 Dual Core, (8GB) Boxchip Cortex A8 1.2Ghz MID Capacitive Touch Screen G-Sensor WiFi, Camera, Skype Video Calling, NetFlix Movies, Flash Supported, By FastTouch(TM)",B00INJBT96,7
"WolVol (Pink) Kids Tablet 7 inch touch screen Android 4.1 with WIFI, Front & Back Camera (Children Special Edition)",B00FM8FIYS,16
"WolVol NEWEST MODEL (16 GB Android 4.2 - 1 GB RAM) Dual Core Processor, Dual Cameras, 7 inch Tablet with WIFI Capacitive Touch Screen (Accessories included) - BLACK",B00DTIIFSY,9
"Xperia Tablet Z, Android Jellybean, 10.1"", 16GB, Wi-Fi",B00DSAFC84,1
"ZEEPAD LATEST VERSION 7"" Android Tablet 4.2 Jellybean Capacitive Touch Screen A20 1GB RAM 8GB Hard Drive Dual Core with Dual Cam (7'' Dual Camera Dual-Core (A20), Bubblegum Pink)",B00ED56QQU,170
"ZTO Tablet PC - Multi-Touch Screen, Android 4.2 Jelly Bean Bluetooth, 1.8GHz quad-core Rockchip RK3188, 2GB RAM, 2048*1536, 4:3 high pixel density 320 dpi, HDMI, Wifi",B00GRWRUKI,9
"Zeepad 7'' Allwinnwer A13 Boxchip Cortex A8 Android 4.0, 4gb Capacity, 512 Mb Ram, Multiple Touch Capactive Screen, Wifi, Skype Video Calling, Netflix Movies with DUAL CAMERA (Pink)",B00CB1HS8S,790
"Zeepad9XN 9"" Multi-Touch Capacitive Touch Screen Tablet - 4GB",B009L7YN92,46
"Zeki 10.1"" Capacitive Multi-touch Tablet TB1082B",B008R0PCGM,15
"iRulu 7 inch Android Tablet PC, 4.2 Jelly Bean OS, Dual Core, Allwinner A23 CPU, Dual Cameras, 5 Point Capacitive Touch Screen, 8GB Storage,Pink Color",B00JB6F0PE,1
"iRulu 7"" lovely Capacitive Tablet PC Android 4.0 Jelly Bean for Birthday Gift to Kids Children Allwinner A13 1.2GHz 8GB Dual Camera,Blue",B00JB6F0PE,2
tyPillow Microsuede Pillow for iPad 2,B005ANCRX0,6